1553322948-13-headshot.jpg,Nina Rivas,"Clerk-Treasurer, City of Portage, IN"
1553322948-35-headshot.jpg,Adam Augustine,"Bartlett Park District Commissioner, IL"
1553322948-88-headshot.jpg,Amanda Pohl,"State Senate, District 11, VA"
1553322948-59-headshot.jpg,Joseph Say,"Pearland ISD Board Trustee, Position 6, TX"
1553322948-96-headshot.jpg,Parth R Patel,"Bartlett Public Library District Board - Trustee, IL"
1553322948-48-headshot.jpg,Brandon Rue,"State House of Representatives, District 102, MS"
1553322948-72-headshot.jpg,Jennifer Carrillo,"Bloomington City Council, IL"
1553322948-67-headshot.jpg,Lucero Wiley,"State Senate District 13, VA"
1553322948-41-headshot.jpg,Nathaniel Booker,"Village of Maywood Trustee, IL"
1553322948-111-headshot.jpg,Avra Reddy,"Madison City Council, District 8, WI"
1553322948-17-headshot.jpg,Kristie Ferrantella,"Nantucket Select Board & County Commission, MA"
1553322948-84-headshot.jpg,Casey Smagala,"Chicago Alderperson, 39th Ward , IL"
1553322948-108-headshot.jpg,David Mihalyfy,"Chicago Alderperson, 11th Ward, IL"
1553322948-115-headshot.jpg,Antonio Mendez,"Denver City Council, District 10, CO"
1553322948-8-headshot.jpg,Sarah Ullman,"Silver Lake Neighborhood Council, CA"
1553322948-114-headshot.jpg,Tay Anderson,"Denver School Board At-Large, CO"
1553322948-62-headshot.jpg,Tai Adkins,"Gary Common Council, District 4, IN"
1553322948-86-headshot.jpg,Brian Gulley,"Portage City Council, District 4, IN"
1553322948-98-headshot.jpg,Michael Negron,"Chicago Alderperson, 47th Ward, IL"
1553322948-29-headshot.jpg,Brendan Csaposs,"East Baton Rouge Metro Council, District 8, LA"
1553322948-27-headshot.jpg,Catherine Copeland,"House of Delegates, District 26, VA"
1553322948-39-headshot.jpg,Taushawn Tinsley,"Boston City Council At-Large, MA"
1553322948-34-headshot.jpg,Adam Kaps,"Fishers City Council - Southwest District, IN"
1553322948-63-headshot.jpg,Ronnie Ross,"State Senate, District 27, VA"
1553322948-14-headshot.jpg,Michael Schoumacher,"Columbus Indiana City Council, District 4, IN"
1553322948-81-headshot.jpg,Crista Carlino,"Indianapolis City County Council, District 6, IN"
1553322948-12-headshot.jpg,Philip Falcone,"Riverside City Council of Riverside, Ward 1, CA"
1553322948-22-headshot.jpg,Jeremy Hawk,"Noblesville City Council, District 6, IN"
1553322948-11-headshot.jpg,Rebecca Leser,"Virginia State Legislature, 96th House District, VA"
1553322948-24-headshot.jpg,Evan Gilmore,"City Council At-Large, IN"
1553322948-106-headshot.jpg,James Duke Mason,"West Hollywood City Council, CA"
1553322948-92-headshot.jpg,Alex Burton,"Evansville City Council, Ward 4, IN"
1553322948-73-headshot.jpg,Jen Devor,"Philadelphia City Commissioner, PA"
1553322948-76-headshot.jpg,Jaime Guzman,"Chicago Alderperson, 14th Ward, IL"
1553322948-83-headshot.jpg,Celia Morgan,"Arlington City Council, District 5, TX"
1553322948-77-headshot.jpg,Erich Schwenk,"Village of Mundelein Trustee, IL"
1553322948-45-headshot.jpg,Jeannette Geter,"Philadelphia City Council, District 4, PA"
1553322948-75-headshot.jpg,James Michael Bowers,"Northeast Lincoln City Council, District 1 , NE"
1553322948-5-headshot.jpg,Stephanie Biegel,"Village Trustee for Carol Stream , IL"
1553322948-4-headshot.jpg,Tracee Miller,"Board Member, St. Louis Public Schools, MO"
1553322948-20-headshot.jpg,Jessica McCormick,"Indianapolis City County Council Member, IN"
1553322948-57-headshot.jpg,Mohammad Aijaz,"Sugar Land City Council, Distritct 1, TX"
1553322948-30-headshot.jpg,Brad Torch,"Amarillo City Council, Place 3, TX"
1553322948-74-headshot.jpg,JB Smiley,"Memphis City Council Super District 8, Position 1, TN"
1553322948-97-headshot.jpg,Michael Rodriguez,"Chicago Alderperson, 22nd Ward, IL"
1553322948-54-headshot.jpg,Kevin Carreno,"City Council, District 4, IN"
1553322948-33-headshot.jpg,Alexander Bomgardner,"Duncanville ISD Board of Trustees, Place 3, TX"
1553322948-110-headshot.jpg,Colin Bird-Martinez,"Chicago Alderperson, 31st Ward, IL"
1553322948-26-headshot.jpg,Danica Roem,"House of Delegates, District 13, VA"
1553322948-65-headshot.jpg,Nicole Johnson,"Chicago Alderperson, 20th Ward, IL"
1553322948-25-headshot.jpg,Elizabeth MacKenzie,"Mayor of Cheverly, MD"
1553322948-91-headshot.jpg,Alex Campbell,"Normal Town Council, IL"
1553322948-109-headshot.jpg,Daniel La Spata,"Chicago Alderperson, 1st Ward, IL"
1553322948-37-headshot.jpg,Jamie McClendon,"Racine County Circuit Court Judge, WI"
1553322948-38-headshot.jpg,Terry Brown,"Charlotte City Council, District 3, NC"
1553322948-87-headshot.jpg,Barry Tyler Jr.,"Hammond City Council, District 3, IN"
1553322948-7-headshot.jpg,Schuyler Vanvalkenburg,"Virginia House of Delegates District 72, VA"
1553322948-44-headshot.jpg,Jennifer Carroll Foy,"House of Delegates, District 2, VA"
1553322948-9-headshot.jpg,Robin Parrott,"Louisiana State Representative, District 95, LA"
1553322948-15-headshot.jpg,Matthew Gifford,"Waukesha School Board of Education, WI"
1553322948-10-headshot.jpg,Rhonda Hart,"Dickinson ISD Board of Trustees, District 5, TX"
1553322948-79-headshot.jpg,David Sabados,"Denver City Council, District 1, CO"
1553322948-49-headshot.jpg,Candi CdeBaca,"Denver City Council, District 9, CO"
1553322948-80-headshot.jpg,D'Angelo Taylor,"Evansville City Council, 2nd Ward, IN"
1553322948-101-headshot.jpg,Marianne Lalonde,"Chicago Alderperson, 46th Ward, IL"
1553322948-90-headshot.jpg,Alex Giorgio-Rubin,"South Bend Common Council, At-Large, IN"
1553322948-23-headshot.jpg,Grace Kestler,"City Council At-Large, IN"
1553322948-82-headshot.jpg,Coda Rayo-Garza,"State House Representative, District 125, TX"
1553322948-58-headshot.jpg,Kelly Fowler,"House of Delegates, District 21, VA"
1553322948-85-headshot.jpg,Carlos Garcia,"Phoenix City Council, District 8, AZ"
1553322948-28-headshot.jpg,Bryan Barash,"Newton City Council, Ward 2, MA"
1553322948-31-headshot.jpg,Austin Strassle,"Kansas City City Council, 4th District At-Large, MO"
1553322948-51-headshot.jpg,Gary E. Bradley-Lopez,"Unified School District 500, KS"
1553322948-70-headshot.jpg,Josh Walker,"Mayor of Plymouth , IN"
1553322948-16-headshot.jpg,Kyle Swain,"Greenwood Common Council, District 6, IN"
1553322948-36-headshot.jpg,Abbie Smith,"Kokomo Mayor, IN"
1553322948-103-headshot.jpg,Maggie O‚Äö√Ñ√¥Keefe,"Chicago Alderperson, 40th Ward, IL"
1553322948-89-headshot.jpg,Alexandria Willis,"Chicago City Council, 3rd Ward, IL"
1553322948-32-headshot.jpg,Ashley Peele,"Mayor of North Charleston, SC"
1553322948-19-headshot.jpg,Jessica Rothchild,"Scranton City Council, PA"
1553322948-78-headshot.jpg,Dustin Good,"Elgin City Council, IL"
1553322948-42-headshot.jpg,Kristi Upchurch,"Kokomo Councilwoman, District 6, IN"
1553322948-95-headshot.jpg,Tina Belge,"State Senate, District 6, SC"
1553322948-66-headshot.jpg,Melvin Douglas Craig III,"Crown Point City Council, At-Large, IN"
1553322948-93-headshot.jpg,Aaron Chess,"Peoria City Council At-Large, IL"
1553322948-60-headshot.jpg,Irma Corado,"Braddock District Supervisor, VA"
1553322948-6-headshot.jpg,Scott Casey,"Blue Springs City Council District 1, MO"
1553322948-43-headshot.jpg,Katherine Gilmore Richardson,"Philadelphia City Council At-Large, PA"
1553322948-61-headshot.jpg,Yasmine Taeb,"State Senate, District 35, VA"
1553322948-105-headshot.jpg,Jonathan Reinoso,"Grayslake D127 School Board Member, IL"
1553322948-52-headshot.jpg,Phil Hernandez,"House of Delegates, District 100, VA"
1553322948-21-headshot.jpg,Jess Foster,"House of Delegates, District 88, VA"
1553322948-64-headshot.jpg,Nicole Merlene,"State Senate, District 31, VA"
1553322948-55-headshot.jpg,Adam Bazaldua,"Dallas City Council District 7, TX"
1553322948-50-headshot.jpg,Joash Ward,"Mayor of the City of Poughkeepsie, NY"
1553322948-100-headshot.jpg,Matt Martin,"Chicago Alderperson, 47th Ward, IL"
1553322948-113-headshot.jpg,Ali Brown,"Indianapolis City County Council, District 5, IN"
1553322948-53-headshot.jpg,Omar Jimenez,"Dallas Independent School Board of Trustees, District 4, TX"
1553322948-40-headshot.jpg,Liv Bennett,"Allegheny County Council, District 13, PA"
1553322948-104-headshot.jpg,Katie Sieracki,"Chicago Alderperson, 33rd Ward, IL"
1553322948-46-headshot.jpg,James Brandon Dillon,"Gary City Councilmen at Large, IN"
1553322948-18-headshot.jpg,Jordan Johnson,"City Council Member, Nacogdoches Northeast Ward, TX"
1553322948-71-headshot.jpg,JoBeth Hamon,"Oklahoma City City Council, Ward 6, OK"
1553322948-68-headshot.jpg,Leif Dautch,"District Attorney of San Francisco, CA"
1553322948-94-headshot.jpg,Ugochukwu Okere,"Chicago Alderperson, 40th Ward, IL"
1553322948-56-headshot.jpg,Suhas Subramanyam,"House of Delegates, District 87, VA"
1553322948-3-headshot.jpg,Zachary Niemiec,"Alderperson, Ward 2, NY"
1553322948-102-headshot.jpg,Maria Hadden,"Chicago Alderperson, 49th Ward, IL"
1553322948-69-headshot.jpg,Keith Potts,"Indianapolis City-County Council, District 2, IN"
1553322948-112-headshot.jpg,Amani Johnson,"Southfield City Council, MI"
1553322948-99-headshot.jpg,Matthew Mitnick,"Madison City Council, District 8, WI"
1553322948-107-headshot.jpg,Erika Wozniak Francis,"Chicago Alderperson, 46th Ward, IL"